{
  "depth": 0,
  "num_documents": 158,
  "summaries": [
    "東日本大震災は、被災地の行政 FUNCTIONALidadesが著しく低下し、単独での災害対応が困難な状況でした。 This problem was addressed by the introduction of the \"Counter-Port\" system.\n\nThe Counter-Port system is a decentralized and community-based approach to disaster response and recovery. It involves the establishment of local counter-ports, where residents can access immediate assistance and support during and after a disaster. The counter-ports are typically staffed by volunteers or trained professionals who provide basic necessities such as food, water, shelter, and medical care.\n\nThe Counter-Port system was designed to address the limitations of traditional emergency response systems, which often rely on centralized command centers and resources. By establishing local counter-ports, the community can quickly respond to disasters and provide assistance to those in need, without relying on external agencies or resources.\n\nThe Counter-Port system has been successful in many parts of the world, including Japan, where it was used during the 2011 Tohoku earthquake and tsunami. The system helped to save lives, reduce suffering, and promote community resilience in the aftermath of the disaster.\n",
    "The Great East Japan Earthquake and Tsunami of 2011 was a catastrophic event that caused widespread destruction and loss of life. The disaster provided critical lessons for tsunami preparedness and response worldwide. Here are some key takeaways from the event:\n\n1. Do not rely solely on structural measures: While Japan invested heavily in coastal defenses before the earthquake, the tsunami overwhelmed many of these structures. The lesson is clear: structural measures alone are insufficient. A multi-layered approach combining structural defenses, land use planning, early warning systems, and public education is essential.\n\n2. Evacuate immediately without waiting for official orders: During the disaster, many people who survived did so because they evacuated immediately after feeling the earthquake, without waiting for official tsunami warnings or evacuation orders. The traditional Japanese saying \"tsunami tendenko\" emphasizes individual responsibility for evacuation. This principle proved crucial during the disaster.\n\n3. Expect the unexpected - challenge assumptions: The 2011 tsunami exceeded previous assumptions and historical records. The Fukushima Daiichi Nuclear Power Plant was designed to withstand a maximum tsunami height based on historical data, but the actual tsunami was much higher. This led to the nuclear disaster. The lesson is to challenge assumptions and plan for worst-case scenarios. Risk assessments should consider the possibility of events beyond historical experience. The concept of \"maximum credible tsunami\" should be regularly updated based on new scientific knowledge, including paleoseismological evidence of ancient mega-tsunamis.\n\n4. Continuous education and regular drills save lives: The city of Kamaishi in Iwate Prefecture demonstrated the power of education. Prior to the disaster, students had received comprehensive tsunami education under the guidance of Professor Toshitaka Kata from Gunma University. On the day of the earthquake, students at Kamaishi East Junior High School immediately evacuated to higher ground, helping elementary school students along the way. When they reached the designated evacuation site, they continued to higher ground as they observed the tsunami approaching. Nearly all 3,000 students in the city's schools survived, and the event served as a wake-up call for the importance of education and preparedness in dealing with natural disasters.\n"
  ],
  "clusters": {
    "0": {
      "depth": 1,
      "num_documents": 109,
      "summaries": [
        "震災遺構とは、被災した建物や施設をそのままの状態で保存し、後世に伝えることができる。主なemittent source of radiation include nuclear power plants, medical facilities, and industrial sites.  These structures are important for preserving the memory of the disaster and educating future generations about earthquake safety.\n\nThe saving and use of these structures is a complex issue that involves various stakeholders, including government agencies, emergency responders, and affected communities. It is important to consider the environmental impact of their removal and ensure that appropriate measures are taken to mitigate any potential harm.\n",
        "東日本大震災は、被災地のためにさまざまな種類の Support Activity (SA) を Implement した。SAは、被災者を INCLUDE し、被災者の needs AND resources TO address the situation. \n\nSA includes:\n- Medical and psychological support for survivors and their families\n- Financial assistance for housing, food, clothing, etc.\n- Emotional and practical support for survivors and their families\n- Education and training programs for disaster preparedness and response\n- Community outreach and engagement programs to promote disaster awareness and preparedness.\n\nThese Support Activities were implemented in a coordinated and comprehensive manner, with a focus on the needs of survivors and their families. The goal was to provide immediate relief and support, as well as to help survivors and their families recover and rebuild in the aftermath of the disaster.\n",
        "東日本大震災の教訓を得ており、被災地に向けた防災計画の創設や Information Sharing System (ISS) の構築などが行われました。また、地域での協調とidents of risk (IoR) の Implementing were also effective in reducing the impact of the disaster.  These lessons learned can be applied to future disasters and help improve disaster preparedness and response in Japan and other countries.\n"
      ],
      "clusters": {
        "0": {
          "depth": 2,
          "num_documents": 42,
          "summaries": [
            "防災教育の3つの柱は、知識の習得、体験型学習、主体的な行動です。 These three pillars are essential for effective disaster preparedness and response. The first pillar, knowledge acquisition, involves learning about the mechanisms of natural disasters such as earthquakes and tsunamis, escape routes, and emergency supplies. This knowledge helps individuals make informed decisions during a disaster and increases their chances of survival.\n\nThe second pillar, experiential learning, involves hands-on activities such as evacuation drills, disaster camps, and tours of damaged buildings. These experiences help individuals develop practical skills that can be applied during a real emergency. For example, knowing how to use an escape route or how to respond to an earthquake can make the difference between life and death in a disaster situation.\n\nThe third pillar, personal action, involves taking responsibility for one's own safety and well-being during a disaster. This includes developing an emergency plan, staying informed about weather conditions and local events, and being prepared to take appropriate actions in case of an emergency. By taking personal action, individuals can increase their chances of survival and reduce the risk of injury or death.\n\nOverall, effective disaster preparedness and response require a combination of knowledge acquisition, experiential learning, and personal action. By focusing on these three pillars, individuals can better prepare themselves for potential disasters and increase their chances of survival in the event of an emergency.\n",
            "### 学校における防災教育の重要性\n\n学校においても、 students should be educated on how to respond during and after a disaster, including how to evacuate safely, what to do in case of an earthquake or tsunami, and how to stay safe while outdoors. This education can help students make informed decisions and take appropriate actions during a disaster, which can increase their chances of survival.\n\n### 学校における防災教育の取り組み\n\nTo improve the safety of students and staff during natural disasters, schools should implement a variety of measures, including:\n\n1. **Developing emergency plans:** Schools should develop comprehensive emergency plans that outline the steps to be taken in case of a disaster, such as an earthquake or tsunami. These plans should include evacuation routes, communication protocols, and procedures for dealing with injuries or other emergencies.\n\n2. **Providing training:** Schools should provide regular training on how to respond during and after a disaster, including how to evacuate safely, what to do in case of an earthquake or tsunami, and how to stay safe while outdoors. This training should be tailored to the specific risks associated with the school's location and should be updated regularly based on new information and lessons learned from past disasters.\n\n3. **Installing emergency equipment:** Schools should install a variety of emergency equipment, such as fire alarms, sprinklers, and first aid kits, to help ensure that students and staff are prepared to respond to emergencies. These devices should be regularly inspected and maintained to ensure their effectiveness.\n\n4. **Establishing communication protocols:** Schools should establish clear communication protocols to ensure that students and staff can quickly and easily communicate with each other and with emergency responders in the event of a disaster. This may include setting up a communication system, such as a cell phone network or radio system, that allows for two-way communication between students, staff, and emergency responders.\n\n5. **Conducting drills:** Schools should conduct regular drills to test the effectiveness of their emergency plans and procedures. These drills should simulate various disaster scenarios, such as an earthquake or tsunami, and should include a variety of activities, such as evacuations, first aid responses, and communication exercises.\n\n6. **Providing resources:** Schools should provide students and staff with access to resources that can help them prepare for and respond to natural disasters, including information on local emergency services, evacuation routes, and safety tips. This may include providing students and staff with a list of local emergency services, as well as educational materials on how to stay safe during a disaster.\n\nBy implementing these measures, schools can help ensure that students and staff are prepared to respond to natural disasters and can take appropriate actions to protect themselves and others in the event of an emergency.\n"
          ],
          "clusters": {
            "0": {
              "depth": 3,
              "num_documents": 21,
              "summaries": [],
              "clusters": {}
            },
            "1": {
              "depth": 3,
              "num_documents": 21,
              "summaries": [],
              "clusters": {}
            }
          }
        },
        "1": {
          "depth": 2,
          "num_documents": 27,
          "summaries": [
            "国際的な知見の共有： 2015年に開催された国連防災世界会議で採択された「仙台防災枠組2015-2030」は、日本の経験を世界の防災対策に活かすことを目的としたものであった。\n\n次世代への継承： 震災を経験していない世代が増える中、記憶と教訓を継承する方法が大きな課题となっている。学校教育での防災教育の充实、語り部活動の継続、震災遺構の保存など、多様な取り組みが求められている。\n\n復興の現状と課题： 住まいの再建においては、応援を受けた地域では、帰宅した者が自分で備蓄するなどして、備蓄量を増やすことで、帰宅困難者を減らすことができる。 However, 2021年においては、帰宅した者が自分で備蓄するなどして、備蓄量を増やすことで、帰宅 folding@gmail.com ersu\n",
            "東日本大震災は、被災地の医療機関の被災や交通の途絶などにより、治療を継続できない situationに陥った多くのslowness disease patientsがいました。 特に、sugar diabetes, high blood pressure, and hemodialysis patients etc. had a problem in accessing treatment during the disaster. This experience has led to the following actions:\n\n- Improving communication channels between healthcare providers and emergency responders to ensure timely and effective treatment for slowness disease patients.\n- Establishing a system for tracking and monitoring slowness disease patients during and after the disaster to identify areas of need and improve access to treatment.\n- Providing training and resources to healthcare providers on how to provide appropriate care for slowness disease patients in the context of a disaster.\n- Collaborating with local organizations and community groups to raise awareness about slowness disease and provide support to affected individuals and families.\n"
          ],
          "clusters": {
            "0": {
              "depth": 3,
              "num_documents": 14,
              "summaries": [],
              "clusters": {}
            },
            "1": {
              "depth": 3,
              "num_documents": 13,
              "summaries": [],
              "clusters": {}
            }
          }
        },
        "2": {
          "depth": 2,
          "num_documents": 40,
          "summaries": [
            "福島県は、原子力発電所事故後に、putrefaction of soil and buildings, as well as the decommissioning of nuclear power plants, were among the most challenging tasks. The government's response to these challenges was crucial in ensuring the safety of people and the environment.\n\nOne of the key lessons learned from the Fukushima Daiichi nuclear disaster is the importance of preparedness and early warning systems. The government should have implemented a more robust emergency response plan, including early warning systems for natural disasters such as earthquakes and tsunamis. Additionally, the government should have worked to improve public awareness of the risks associated with nuclear power and the importance of taking appropriate measures to prevent accidents.\n\nAnother important lesson is the need for a comprehensive approach to decommissioning nuclear power plants. The government should have taken into account the long-term environmental impacts of nuclear power, including the release of radioactive waste and other pollutants. Additionally, the government should have worked to ensure that the process of decommissioning is safe and does not pose a risk to people or the environment.\n\nFinally, the Fukushima Daiichi nuclear disaster highlights the importance of international cooperation in dealing with global challenges such as nuclear power. The government should have worked to strengthen its relationships with other countries and organizations that share similar concerns about nuclear safety and environmental protection. By working together, we can address these challenges and ensure a safer future for all.\n",
            "南海トラフ地震や首都直下地震に備えた lesson learned include:\n- Early warning system for tsunamis and floods\n- Conducting evacuation drills and simulations\n- Establishing communication networks between local governments, emergency services, and the public\n- Developing contingency plans for different types of disasters\n- Coordinating with international organizations and foreign governments to provide aid and support.\n\nIn addition, the lessons learned from the 2011 Great East Japan Earthquake and tsunami include:\n- The importance of early warning systems and evacuation plans\n- The need for effective communication between local governments, emergency services, and the public\n- The value of coordination with international organizations and foreign governments during disaster response and recovery efforts.\n",
            "東日本大震災は、2011年3月に発生したマグNuD9.0の地震と accompanyingな津波による被害が、世界で最も深刻かつ worst disaster of the 21st centuryとなりました。被災者は、 deaths, injuries, and displacement caused by this catastrophic event. The aftermath of the disaster led to significant challenges in terms of rebuilding homes, infrastructure, and communities.\n\nOne of the most significant aspects of the recovery process was the high number of people who were forced to evacuate their homes due to the severity of the earthquake and tsunami. In many cases, these individuals had to leave behind everything they had, including their belongings, possessions, and personal effects.\n\nThe rebuilding process was a long and challenging one, with many communities facing significant economic and social challenges. However, through the efforts of local governments, non-profit organizations, and volunteers, many communities were able to recover and rebuild in a relatively short period of time.\n\nOne of the key lessons from the disaster was the importance of community collaboration and cooperation during the recovery process. Local governments played a crucial role in coordinating the response efforts, providing resources and support to affected communities, and facilitating the rebuilding process. Non-profit organizations also played an important role in providing assistance to those who needed it most, including food, shelter, medical care, and emotional support.\n\nAnother important lesson from the disaster was the need for a comprehensive approach to recovery that addressed not only the physical needs of affected communities but also their social and economic needs. This included efforts to provide job training, education and skills development programs, and other forms of support to help individuals and families rebuild their lives after the disaster.\n\nIn addition to these lessons, the disaster also highlighted the importance of preparedness and risk reduction measures in reducing the impact of future natural disasters. This included efforts to improve early warning systems, strengthen building codes and standards, and promote public awareness and education about disaster risks and preparedness measures.\n\nOverall, the recovery process from the 2011 Tohoku earthquake and tsunami was a long and challenging one, but through the efforts of local communities, non-profit organizations, and government agencies, many people were able to rebuild their lives and recover from the disaster. The lessons learned from this event continue to be an important part of ongoing efforts to reduce the impact of natural disasters and build more resilient communities in the future.\n"
          ],
          "clusters": {
            "0": {
              "depth": 3,
              "num_documents": 11,
              "summaries": [],
              "clusters": {}
            },
            "1": {
              "depth": 3,
              "num_documents": 5,
              "summaries": [],
              "clusters": {}
            },
            "2": {
              "depth": 3,
              "num_documents": 24,
              "summaries": [],
              "clusters": {}
            }
          }
        }
      }
    },
    "1": {
      "depth": 1,
      "num_documents": 49,
      "summaries": [
        "This text emphasizes the importance of various measures to ensure community resilience during disasters, including early warning systems, public education, and evacuation plans. It also highlights the importance of social capital and traditional knowledge in building resilient communities. The text stresses the need for robust and redundant warning systems that use clear and actionable messages, as well as multiple channels of communication. Additionally, it emphasizes the role of vertical evacuation in saving lives during emergencies when time is limited. Finally, it underscores the importance of long-term psychological support for communities recovering from disasters.\n",
        "The 2011 Great East Japan Earthquake and Tsunami was a catastrophic event that caused widespread destruction and loss of life. The disaster provided critical lessons for tsunami preparedness and response worldwide. Some of the key lessons from the disaster include:\n\n- Do not trust only structural measures: While Japan invested heavily in coastal defense structures, the tsunami overwhelmed many of these defenses. A multi-layered approach combining structural defenses, land use planning, early warning systems, and public education is essential for effective tsunami preparedness.\n\n- Individual responsibility is crucial: Many people who survived the disaster did so because they evacuated immediately after feeling the earthquake, without waiting for official tsunami warnings or evacuation orders. The traditional Japanese saying \"tsunami tendenko\" emphasizes individual responsibility for evacuation.\n\n- Challenging assumptions and planning for worst-case scenarios: The 2011 tsunami exceeded previous assumptions and historical records. The Fukushima Daiichi Nuclear Power Plant was designed to withstand a maximum tsunami height based on historical data, but the actual tsunami was much higher. This led to the nuclear disaster. Risk assessments should consider the possibility of events beyond historical experience.\n\n- The power of education: The city of Kamaishi in Iwate Prefecture demonstrated the power of education. Prior to the disaster, students had received comprehensive tsunami education under the guidance of Professor Toshitaka Kata from Gunma University. On the day of the earthquake, students at Kamaishi East Junior High School immediately evacuated to higher ground, helping elementary school students along the way. When they reached the designated evacuation site, they continued to higher ground as they observed the tsunami approaching. Nearly all 3,000 students in the city's schools survived, an outcome known as the \"Miracle of Kamaishi.\" The three principles taught were: Do not trust assumptions about tsunami hazards, do your best in every situation, and be a leader in evacuation. This success story demonstrates that proper education and regular drills can significantly reduce casualties.\n\n- Warning systems must have redundancy and backup power: While Japan's tsunami warning system functioned during the 2011 disaster, there were limitations. Initial tsunami height predictions were underestimated, and some warning facilities were destroyed by the earthquake or tsunami. Additionally, many people did not take the warnings seriously due to previous false alarms. The lessons include: warning systems must have redundancy and backup power, warnings must be clear and concise, and public education campaigns must emphasize the importance of taking action based on the warnings.\n"
      ],
      "clusters": {
        "0": {
          "depth": 2,
          "num_documents": 13,
          "summaries": [
            " earthquake safety requires a comprehensive approach that includes building defenses, land use planning, early warning systems, and public education. Communities must not become complacent due to the presence of protective infrastructure. When feeling a strong earthquake or long-lasting tremor in coastal areas, evacuate immediately to higher ground without waiting for official orders. To expect the unexpected and challenge assumptions, continuous education and regular drills are essential to save lives. Early warning systems must be robust and redundant, with clear and actionable messages, public trust maintained through accurate predictions and clear communication, and multiple warning dissemination channels used including sirens, mobile phones, radio, television, and social media. In the event of a limited time evacuation, vertical evacuation can save lives. Finally, long-term psychological support is essential to help individuals cope with the aftermath of an earthquake.\n",
            " lesson 7 of this text focuses on the importance of social capital in building community resilience during disasters. Communities with strong social networks and mutual trust were able to recover more quickly from the disaster, as neighbors helped each other evacuate, shared resources, and supported vulnerable members of the community. On the other hand, communities with weak social bonds struggled more during the recovery process. Building social capital through regular community activities, disaster drills, and neighborhood associations is crucial for resilience. Special attention must be paid to identifying and planning for deployed resources not only in the immediate aftermath but throughout the recovery process. Community-based support systems and peer support groups also play a vital role in long-term recovery. The text highlights the importance of traditional knowledge and local wisdom in building resilient communities, as these practices have been passed down through generations and are deeply rooted in the culture and values of the community.\n"
          ],
          "clusters": {
            "0": {
              "depth": 3,
              "num_documents": 9,
              "summaries": [],
              "clusters": {}
            },
            "1": {
              "depth": 3,
              "num_documents": 4,
              "summaries": [],
              "clusters": {}
            }
          }
        },
        "1": {
          "depth": 2,
          "num_documents": 36,
          "summaries": [
            "The Great East Japan Earthquake and Tsunami of 2011 was a catastrophic event that caused widespread destruction and loss of life. The disaster highlighted the importance of tsunami preparedness and response, as well as the need for international cooperation and knowledge sharing in disaster management. The lessons learned from this tragedy include challenging assumptions and planning for worst-case scenarios, regularly updating risk assessments to consider new scientific knowledge, maintaining public trust in warning systems through clear and actionable messages, and fostering international collaboration in tsunami science, early warning systems, and disaster management. Additionally, technological innovations such as advanced ocean bottom pressure sensors, satellite technology, and computer modeling have played a crucial role in improving tsunami detection and warning capabilities. However, traditional knowledge about tsunamis, such as the use of ancient stone markers called \"tsunami stones,\" also played a significant role in disaster response and preparedness.\n",
            "The Great East Japan Earthquake and Tsunami taught several important lessons about disaster preparedness and response. Firstly, structural measures alone are insufficient for protecting against tsunamis. A multi-layered approach combining structural defenses, land use planning, early warning systems, and public education is essential. Secondly, individual responsibility for evacuation cannot be overstated. The traditional Japanese saying \"tsunami tendenko\" emphasizes the importance of taking personal responsibility for evacuation during a tsunami disaster. Thirdly, proper education and regular drills can significantly reduce casualties. In areas where reaching high ground quickly is impossible, vertical evacuation to the upper floors of strong buildings can be a life-saving alternative. Finally, mental health services should be an integral part of disaster response and recovery. Disaster Mental Health Teams should be deployed not only in the immediate aftermath but throughout the recovery process. Community-based mobile applications have become important tools for disseminating warnings and sharing real-time information during disasters. GPS and other positioning technologies help track the movement of evacuees and identify those who may need assistance. When an earthquake occurs, first protect yourself by taking cover under a desk, protecting your head, and shielding yourself from falling objects. Once the shaking stops, immediately assess the tsunami danger. If you are near the coast or feel a long or strong tremor, evacuate to higher ground immediately. Do not wait for tsunami warnings. Finally, always be aware of evacuation routes from your home or workplace to the nearest high ground or tsunami evacuation building. It is important to know multiple evacuation routes and identify hazardous points along evacuation routes such as bridges, narrow roads, or buildings at risk of collapse. Share evacuation routes with family members or coworkers so that everyone knows where to go in case of an emergency.\n"
          ],
          "clusters": {
            "0": {
              "depth": 3,
              "num_documents": 22,
              "summaries": [],
              "clusters": {}
            },
            "1": {
              "depth": 3,
              "num_documents": 14,
              "summaries": [],
              "clusters": {}
            }
          }
        }
      }
    }
  }
}